,Date,Open,High,Low,Close,Adj Close,Volume,P/N,Daily_Change,Daily_%_Change,Future_Change
0,2018-01-02,36.380001,36.52,36.240002000000004,36.439999,33.580521000000005,16185800,Positive,,,0.269999999999996
1,2018-01-03,36.450001,36.77,36.23,36.709998999999996,33.82933,13456500,Positive,0.269999999999996,0.7409440378963739,0.08000200000000746
2,2018-01-04,36.709998999999996,36.919998,36.599998,36.790001000000004,33.903053,12378100,Positive,0.08000200000000746,0.217929725359034,0.07000000000000028
3,2018-01-05,36.82,36.880001,36.610001000000004,36.860001000000004,33.967556,12492900,Positive,0.07000000000000028,0.19026908969097533,-0.4100000000000037
4,2018-01-08,36.720001,36.799999,36.330002,36.450001,33.589733,18941500,Positive,-0.4100000000000037,-1.1123168444840847,-0.04000100000000373
5,2018-01-09,36.439999,36.639998999999996,36.360001000000004,36.41,33.552876,16011600,Positive,-0.04000100000000373,-0.10974210947211072,0.060001000000006854
6,2018-01-10,36.34,36.610001000000004,36.310001,36.470001,33.608166,17794900,Positive,0.060001000000006854,0.16479263938480315,0.0899999999999963
7,2018-01-11,36.639998999999996,36.700001,36.419998,36.560001,33.691101,14328800,Positive,0.0899999999999963,0.2467781670749014,-0.01999999999999602
8,2018-01-12,36.630001,36.799999,36.459998999999996,36.540001000000004,33.672668,19203700,Positive,-0.01999999999999602,-0.054704593689691716,0.05999699999999564
9,2018-01-16,36.57,36.98,36.470001,36.599998,33.727959000000006,28972200,Negative ,0.05999699999999564,0.16419539780525572,0.5800020000000004
10,2018-01-17,36.82,37.369999,36.77,37.18,34.262446999999995,24034500,Positive,0.5800020000000004,1.5847050046286837,-0.18999799999999567
11,2018-01-18,37.169998,37.169998,36.700001,36.990002000000004,34.087357,18924600,Negative ,-0.18999799999999567,-0.5110220548681932,-0.050003000000003794
12,2018-01-19,37.189999,37.279999,36.5,36.939999,34.041275,29538600,Positive,-0.050003000000003794,-0.13517977100948597,-0.009999000000000535
13,2018-01-22,36.889998999999996,37.07,36.73,36.93,34.032070000000004,20285100,Positive,-0.009999000000000535,-0.027068219465842258,-0.10999999999999943
14,2018-01-23,36.82,37.080002,36.540001000000004,36.82,33.930698,17578000,Positive,-0.10999999999999943,-0.29786081776332907,0.10999999999999943
15,2018-01-24,36.990002000000004,37.07,36.73,36.93,34.032070000000004,17716500,Negative ,0.10999999999999943,0.2987506789788208,0.29999999999999716
16,2018-01-25,36.970001,37.34,36.900002,37.23,34.308516999999995,18015400,Negative ,0.29999999999999716,0.8123476848090894,1.779997999999999
17,2018-01-26,37.299999,39.09,37.299999,39.009997999999996,35.948848999999996,48805900,Positive,1.779997999999999,4.781085146387309,0.010002000000007172
18,2018-01-29,39.0,39.43,38.77,39.02,35.958061,34894700,Negative ,0.010002000000007172,0.025639580909508908,-1.2200010000000034
19,2018-01-30,38.209998999999996,38.75,37.349998,37.799999,34.833801,45999700,Negative ,-1.2200010000000034,-3.1266043054843706,-0.759997999999996
20,2018-01-31,37.919998,37.990002000000004,36.830002,37.040001000000004,34.133434,34022700,Negative ,-0.759997999999996,-2.01057677276657,-0.20999900000000338
21,2018-02-01,36.610001000000004,37.400002,36.610001000000004,36.830002,34.254349,28176400,Positive,-0.20999900000000338,-0.5669519285380287,-0.22000099999999634
22,2018-02-02,36.599998,37.25,36.509997999999996,36.610001000000004,34.049728,24277900,Negative ,-0.22000099999999634,-0.5973418084527782,-1.9400030000000044
23,2018-02-05,36.48,36.700001,34.0,34.669998,32.245396,40288100,Negative ,-1.9400030000000044,-5.299106656675601,0.6100009999999969
24,2018-02-06,34.16,35.48,34.0,35.279999,32.812737,53164200,Positive,0.6100009999999969,1.759449192930429,-0.2999989999999997
25,2018-02-07,35.130001,35.650002,34.970001,34.98,32.533718,29370000,Negative ,-0.2999989999999997,-0.8503373256898317,-1.3499989999999968
26,2018-02-08,35.0,35.169998,33.599998,33.630001,31.278133,43501700,Negative ,-1.3499989999999968,-3.8593453401943867,0.5299989999999966
27,2018-02-09,34.189999,34.43,33.200001,34.16,31.771065000000004,47297700,Positive,0.5299989999999966,1.575970812489702,0.5
28,2018-02-12,34.450001,34.869999,34.029999,34.66,32.236103,36758700,Positive,0.5,1.4637002341920446,0.27999900000000366
29,2018-02-13,34.57,35.029999,34.41,34.939999,32.496517,20455000,Positive,0.27999900000000366,0.807844777841904,0.25
30,2018-02-14,34.700001,35.34,34.560001,35.189999,32.729034000000006,23239800,Positive,0.25,0.715512327289991,0.519999999999996
31,2018-02-15,35.369999,35.73,35.080002,35.709998999999996,33.212666,21431100,Positive,0.519999999999996,1.4776925682776998,0.5499989999999997
32,2018-02-16,35.759997999999996,36.66,35.68,36.259997999999996,33.724201,26242500,Positive,0.5499989999999997,1.5401820649728837,-0.25
33,2018-02-20,36.02,36.490002000000004,35.880001,36.009997999999996,33.491684,25808700,Negative ,-0.25,-0.6894650132082236,-0.25
34,2018-02-21,35.970001,36.59,35.73,35.759997999999996,33.259171,24546800,Negative ,-0.25,-0.694251635337495,-0.01999599999999191
35,2018-02-22,35.869999,36.150002,35.610001000000004,35.740002000000004,33.240574,22754700,Negative ,-0.01999599999999191,-0.05591722907811736,0.5199959999999919
36,2018-02-23,35.93,36.299999,35.830002,36.259997999999996,33.724201,17020900,Positive,0.5199959999999919,1.454941160887424,0.8300020000000075
37,2018-02-26,36.290001000000004,37.209998999999996,36.209998999999996,37.09,34.496162,24105600,Positive,0.8300020000000075,2.289029359571404,-0.29000100000000373
38,2018-02-27,37.07,37.240002000000004,36.740002000000004,36.799999,34.226437,22336900,Negative ,-0.29000100000000373,-0.7818846050148376,-0.48999799999999993
39,2018-02-28,37.029999,37.279999,36.310001,36.310001,33.770706,26907900,Negative ,-0.48999799999999993,-1.3315163405303365,-0.6799999999999997
40,2018-03-01,36.119999,36.27,35.200001,35.630001,33.138264,28731400,Negative ,-0.6799999999999997,-1.8727622728514914,0.3200000000000003
41,2018-03-02,35.549999,36.07,35.400002,35.950001,33.435883000000004,21130300,Positive,0.3200000000000003,0.8981195369598849,0.16999799999999965
42,2018-03-05,35.82,36.279999,35.77,36.119999,33.593994,21176100,Positive,0.16999799999999965,0.4728734221731923,-0.23999799999999993
43,2018-03-06,36.240002000000004,36.240002000000004,35.75,35.880001,33.370777000000004,17081100,Negative ,-0.23999799999999993,-0.6644463085394903,0.04999899999999968
44,2018-03-07,35.599998,36.080002,35.549999,35.93,33.417286,22239400,Positive,0.04999899999999968,0.1393506092711716,0.5700000000000003
45,2018-03-08,35.990002000000004,36.5,35.93,36.5,33.947414,20537600,Positive,0.5700000000000003,1.5864180350681822,0.2700000000000031
46,2018-03-09,36.610001000000004,36.919998,36.529999,36.77,34.19854,18311900,Positive,0.2700000000000031,0.7397260273972694,-0.15999899999999911
47,2018-03-12,36.919998,37.0,36.5,36.610001000000004,34.049728,25210300,Negative ,-0.15999899999999911,-0.43513462061463004,0.139998999999996
48,2018-03-13,36.799999,36.959998999999996,36.43,36.75,34.179939000000005,28046200,Negative ,0.139998999999996,0.3824064358807222,-0.40000200000000063
49,2018-03-14,36.84,36.990002000000004,36.18,36.349998,33.807915,22180700,Negative ,-0.40000200000000063,-1.0884408163265302,0.23000400000000099
50,2018-03-15,36.349998,36.810001,36.349998,36.580002,34.021832,19457600,Negative ,0.23000400000000099,0.6327483154194402,0.1999969999999962
51,2018-03-16,36.639998999999996,37.040001000000004,36.619999,36.779999,34.207840000000004,32376900,Positive,0.1999969999999962,0.546738625109966,-0.4499969999999962
52,2018-03-19,36.799999,36.799999,36.080002,36.330002,33.78931,18978900,Negative ,-0.4499969999999962,-1.2234829043904938,-0.0
53,2018-03-20,36.369999,36.549999,36.119999,36.330002,33.78931,19256000,Positive,0.0,0.0,-0.060001999999997224
54,2018-03-21,36.490002000000004,36.73,36.200001,36.27,33.733505,18094300,Negative ,-0.060001999999997224,-0.16515826230892872,-0.6700020000000038
55,2018-03-22,36.029999,36.139998999999996,35.470001,35.599998,33.110359,20962700,Negative ,-0.6700020000000038,-1.8472622001654337,-1.1099959999999953
56,2018-03-23,35.490002000000004,35.5,34.439999,34.490002000000004,32.077988,27880200,Negative ,-1.1099959999999953,-3.1179664673014695,0.5499989999999997
57,2018-03-26,34.93,35.150002,34.32,35.040001000000004,32.58952,23649400,Positive,0.5499989999999997,1.5946621284626206,-0.030003000000007773
58,2018-03-27,35.18,35.560001,34.779999,35.009997999999996,32.561619,27357900,Negative ,-0.030003000000007773,-0.0856249975563883,0.29000100000000373
59,2018-03-28,35.18,35.810001,35.119999,35.299999,32.831340999999995,24999700,Negative ,0.29000100000000373,0.8283376651435415,0.19000300000000436
60,2018-03-29,35.52,35.669998,35.07,35.490002000000004,33.008053000000004,23533900,Positive,0.19000300000000436,0.5382521398938467,-0.44000300000000436
61,2018-04-02,35.419998,35.740002000000004,34.759997999999996,35.049999,32.59882,26872200,Negative ,-0.44000300000000436,-1.239794238388614,0.630001
62,2018-04-03,35.110001000000004,35.740002000000004,34.919998,35.68,33.184769,20254200,Positive,0.630001,1.7974351440066982,0.4500010000000003
63,2018-04-04,35.32,36.23,35.240002000000004,36.130001,33.603297999999995,20883000,Positive,0.4500010000000003,1.2612135650224232,-0.40000100000000316
64,2018-04-05,35.669998,36.0,35.529999,35.73,33.231274,24460900,Positive,-0.40000100000000316,-1.1071159394653862,-0.5600019999999972
65,2018-04-06,35.560001,35.869999,34.889998999999996,35.169998,32.710426,21146300,Negative ,-0.5600019999999972,-1.5673159809683646,0.2900009999999966
66,2018-04-09,35.299999,35.93,35.220001,35.459998999999996,32.980152000000004,19409200,Negative ,0.2900009999999966,0.8245692820340711,0.49000200000000405
67,2018-04-10,36.0,36.099998,35.720001,35.950001,33.435883000000004,19608400,Positive,0.49000200000000405,1.3818443706103967,-0.1599999999999966
68,2018-04-11,35.73,36.07,35.59,35.790001000000004,33.287079,13168800,Negative ,-0.1599999999999966,-0.4450625745462289,0.5299989999999966
69,2018-04-12,36.029999,36.5,35.970001,36.32,33.780006,22597700,Positive,0.5299989999999966,1.4808577401268952,-0.0
70,2018-04-13,36.41,36.5,36.130001,36.32,33.780006,16863700,Negative ,0.0,0.0,0.20999899999999627
71,2018-04-16,36.5,36.73,36.389998999999996,36.529999,33.975319,15116100,Positive,0.20999899999999627,0.5781910792951539,-0.1999969999999962
72,2018-04-17,36.75,36.779999,36.27,36.330002,33.78931,16770000,Positive,-0.1999969999999962,-0.5474870119760888,0.1600000000000037
73,2018-04-18,36.380001,36.59,36.279999,36.490002000000004,33.938122,13901800,Negative ,0.1600000000000037,0.4404073525787311,0.03999699999999251
74,2018-04-19,36.389998999999996,36.689999,36.27,36.529999,33.975319,15784300,Negative ,0.03999699999999251,0.10961084628056117,0.10000200000000348
75,2018-04-20,36.5,36.790001000000004,36.470001,36.630001,34.068329,21225800,Negative ,0.10000200000000348,0.27375308715449354,0.16999799999999965
76,2018-04-23,36.669998,36.889998999999996,36.599998,36.799999,34.226437,24080700,Negative ,0.16999799999999965,0.4640949914251902,0.26000200000000007
77,2018-04-24,36.91,37.27,36.77,37.060001,34.468262,25717600,Negative ,0.26000200000000007,0.7065271931121497,-0.38000100000000003
78,2018-04-25,36.919998,37.040001000000004,36.509997999999996,36.68,34.11483,26309500,Positive,-0.38000100000000003,-1.025366944809314,0.16999799999999965
79,2018-04-26,36.799999,37.099998,36.75,36.849998,34.272938,19360200,Positive,0.16999799999999965,0.4634623773173363,0.15000200000000063
80,2018-04-27,36.779999,37.110001000000004,36.700001,37.0,34.412453,13686100,Negative ,0.15000200000000063,0.40706108043750966,-0.389998999999996
81,2018-04-30,37.130001,37.18,36.400002,36.610001000000004,34.049728,26846100,Negative ,-0.389998999999996,-1.0540513513513372,-1.2099990000000034
82,2018-05-01,35.580002,36.049999,34.639998999999996,35.400002,32.924347,48651000,Positive,-1.2099990000000034,-3.3051050722451625,-0.5100030000000046
83,2018-05-02,35.169998,35.369999,34.740002000000004,34.889998999999996,32.450016,28036300,Negative ,-0.5100030000000046,-1.440686359283272,-0.13000100000000003
84,2018-05-03,34.82,34.880001,34.419998,34.759997999999996,32.329102,22313000,Positive,-0.13000100000000003,-0.37260247556900605,0.08000200000000746
85,2018-05-04,34.560001,34.990002000000004,34.369999,34.84,32.403511,18781700,Positive,0.08000200000000746,0.2301553642207077,0.0899999999999963
86,2018-05-07,34.790001000000004,35.130001,34.709998999999996,34.93,32.487213,20474400,Negative ,0.0899999999999963,0.2583237657864501,0.04999999999999716
87,2018-05-08,34.91,35.09,34.709998999999996,34.98,32.533718,26821300,Positive,0.04999999999999716,0.14314342971657457,0.18999800000000278
88,2018-05-09,35.02,35.41,34.869999,35.169998,32.710426,19383500,Positive,0.18999800000000278,0.543161806746717,-0.12999699999999592
89,2018-05-10,35.0,35.310001,34.889998999999996,35.040001000000004,32.907654,29323200,Positive,-0.12999699999999592,-0.3696247011444109,0.45999899999999627
90,2018-05-11,35.130001,35.560001,35.07,35.5,33.339661,20512300,Positive,0.45999899999999627,1.3127824967813062,0.360001000000004
91,2018-05-14,35.509997999999996,35.919998,35.490002000000004,35.860001000000004,33.67775,20384300,Negative ,0.360001000000004,1.0140873239436798,-0.17000200000000376
92,2018-05-15,35.509997999999996,35.779999,35.48,35.689999,33.518097,18354500,Negative ,-0.17000200000000376,-0.4740713755139181,-0.009999000000000535
93,2018-05-16,35.73,35.880001,35.57,35.68,33.508705,20750200,Positive,-0.009999000000000535,-0.02801625183570522,0.029998999999996556
94,2018-05-17,35.630001,35.779999,35.439999,35.709998999999996,33.536877000000004,12354300,Positive,0.029998999999996556,0.08407791479818627,-0.07000000000000028
95,2018-05-18,35.610001000000004,35.75,35.43,35.639998999999996,33.471138,14928500,Negative ,-0.07000000000000028,-0.1960235283120615,0.1600000000000037
96,2018-05-21,35.709998999999996,35.869999,35.52,35.799999,33.621407,16890800,Negative ,0.1600000000000037,0.44893379486348195,-0.07999799999999624
97,2018-05-22,35.799999,36.09,35.689999,35.720001,33.546276,13735600,Negative ,-0.07999799999999624,-0.22345810680050038,0.25
98,2018-05-23,35.68,36.029999,35.630001,35.970001,33.781059,19315600,Positive,0.25,0.6998879983234119,-0.08000200000000746
99,2018-05-24,35.959998999999996,36.09,35.77,35.889998999999996,33.705921000000004,16625300,Negative ,-0.08000200000000746,-0.22241311586287393,-0.20999899999999627
100,2018-05-25,35.82,35.919998,35.540001000000004,35.68,33.508705,14236600,Negative ,-0.20999899999999627,-0.5851184336895576,0.0200010000000006
101,2018-05-29,35.369999,35.73,35.32,35.700001,33.527493,26735900,Negative ,0.0200010000000006,0.05605661434977538,0.34999799999999937
102,2018-05-30,35.950001,36.25,35.900002,36.049999,33.856190000000005,27603200,Positive,0.34999799999999937,0.9803865271600376,-0.11999899999999997
103,2018-05-31,35.950001,36.200001,35.889998999999996,35.93,33.743491999999996,29342000,Negative ,-0.11999899999999997,-0.3328682477910738,0.3200000000000003
104,2018-06-01,36.259997999999996,36.279999,36.110001000000004,36.25,34.044022,21200200,Positive,0.3200000000000003,0.8906206512663495,0.20000100000000032
105,2018-06-04,36.41,36.560001,36.23,36.450001,34.23185,18041100,Positive,0.20000100000000032,0.5517268965517186,-0.010002000000000066
106,2018-06-05,36.509997999999996,36.639998999999996,36.34,36.439999,34.222458,20375800,Positive,-0.010002000000000066,-0.0274403284652891,-0.05999800000000022
107,2018-06-06,36.400002,36.57,36.189999,36.380001,34.166107000000004,18375800,Positive,-0.05999800000000022,-0.16464874216928216,0.11000100000000401
108,2018-06-07,36.490002000000004,36.59,36.369999,36.490002000000004,34.269417,16208100,Negative ,0.11000100000000401,0.30236667668042116,0.1799959999999956
109,2018-06-08,36.529999,36.709998999999996,36.450001,36.669998,34.438454,15610800,Positive,0.1799959999999956,0.4932748427911804,-0.36999899999999997
110,2018-06-11,36.799999,36.799999,36.279999,36.299999,34.090977,18506300,Positive,-0.36999899999999997,-1.0089965098989073,-0.0
111,2018-06-12,36.389998999999996,36.400002,36.150002,36.299999,34.090977,15533100,Positive,0.0,0.0,-0.07999799999999624
112,2018-06-13,36.369999,36.509997999999996,36.200001,36.220001,34.015846,15208000,Negative ,-0.07999799999999624,-0.22038017136032373,-0.060001000000006854
113,2018-06-14,36.220001,36.389998999999996,36.049999,36.16,33.959499,18936800,Negative ,-0.060001000000006854,-0.16565709095371917,0.20000100000000742
114,2018-06-15,36.189999,36.389998999999996,36.029999,36.360001000000004,34.147324,46638500,Positive,0.20000100000000742,0.5531001106194866,-0.20000100000000742
115,2018-06-18,36.130001,36.220001,35.73,36.16,33.959499,22906500,Positive,-0.20000100000000742,-0.5500577406475027,0.060001000000006854
116,2018-06-19,35.889998999999996,36.360001000000004,35.869999,36.220001,34.015846,17537600,Positive,0.060001000000006854,0.16593196902656704,0.23999799999999283
117,2018-06-20,36.290001000000004,36.580002,36.209998999999996,36.459998999999996,34.241240999999995,20260200,Negative ,0.23999799999999283,0.6626117983817625,-0.1599999999999966
118,2018-06-21,36.27,36.360001000000004,36.150002,36.299999,34.090977,16027600,Negative ,-0.1599999999999966,-0.4388370937695174,0.20999899999999627
119,2018-06-22,36.490002000000004,36.639998999999996,36.400002,36.509997999999996,34.288197,25634200,Negative ,0.20999899999999627,0.5785096578101667,-0.12999699999999592
120,2018-06-25,36.32,36.459998999999996,36.139998999999996,36.380001,34.166107000000004,19378100,Negative ,-0.12999699999999592,-0.3560586335830451,-0.0
121,2018-06-26,36.400002,36.59,36.299999,36.380001,34.166107000000004,24131900,Positive,0.0,0.0,-0.17000200000000376
122,2018-06-27,36.299999,36.549999,36.18,36.209998999999996,34.006454,27890100,Negative ,-0.17000200000000376,-0.46729520430744964,0.15000200000000774
123,2018-06-28,36.110001000000004,36.490002000000004,36.110001000000004,36.360001000000004,34.147324,15660500,Positive,0.15000200000000774,0.4142557419015924,-0.08000200000000746
124,2018-06-29,36.450001,36.580002,36.279999,36.279999,34.072186,19900100,Negative ,-0.08000200000000746,-0.22002749669893795,0.050003000000003794
125,2018-07-02,36.0,36.369999,36.0,36.330002,34.119147999999996,13810600,Positive,0.050003000000003794,0.13782525186949446,0.019995999999999015
126,2018-07-03,36.389998999999996,36.580002,36.240002000000004,36.349998,34.137932,9115900,Negative ,0.019995999999999015,0.055039908888532274,0.5200010000000006
127,2018-07-05,36.540001000000004,36.91,36.509997999999996,36.869999,34.626286,19346400,Positive,0.5200010000000006,1.4305392809099926,0.24000200000000405
128,2018-07-06,37.0,37.240002000000004,36.880001,37.110001000000004,34.851684999999996,17984300,Positive,0.24000200000000405,0.6509411622170225,0.04999899999999258
129,2018-07-09,37.27,37.470001,37.009997999999996,37.16,34.898635999999996,21185400,Positive,0.04999899999999258,0.134731874569316,0.2700000000000031
130,2018-07-10,37.299999,37.5,37.200001,37.43,35.15221,19216200,Positive,0.2700000000000031,0.7265877287405909,-0.22000100000000344
131,2018-07-11,37.25,37.41,37.16,37.209998999999996,34.945595000000004,16883600,Negative ,-0.22000100000000344,-0.587766497461939,0.31000100000000685
132,2018-07-12,37.41,37.560001,37.209998999999996,37.52,35.236740000000005,16105200,Positive,0.31000100000000685,0.833112089038246,0.00999899999999343
133,2018-07-13,37.5,37.59,37.220001,37.529999,35.246128000000006,14447100,Positive,0.00999899999999343,0.026649786780374995,-0.14999799999999652
134,2018-07-16,37.48,37.549999,37.290001000000004,37.380001,35.105255,16972200,Positive,-0.14999799999999652,-0.399674937374761,0.2700010000000006
135,2018-07-17,37.459998999999996,37.77,37.450001,37.650002,35.358821999999996,14933600,Positive,0.2700010000000006,0.7223140523725524,0.009997999999995955
136,2018-07-18,37.59,37.73,37.48,37.66,35.368217,19737600,Positive,0.009997999999995955,0.02655511147116041,-0.2999989999999926
137,2018-07-19,37.450001,37.599998,37.310001,37.360001000000004,35.086472,15746500,Negative ,-0.2999989999999926,-0.7965985130111375,-0.02999900000000366
138,2018-07-20,37.200001,37.330002,37.119999,37.330002,35.0583,14737000,Negative ,-0.02999900000000366,-0.08029710705843573,-0.12000300000000408
139,2018-07-23,37.34,37.509997999999996,37.139998999999996,37.209998999999996,34.945595000000004,19784700,Positive,-0.12000300000000408,-0.3214652921797456,0.49000200000000405
140,2018-07-24,37.369999,37.75,37.27,37.700001,35.405781,16892600,Negative ,0.49000200000000405,1.3168557193457664,0.29000100000000373
141,2018-07-25,37.669998,38.07,37.560001,37.990002000000004,35.678135,16291300,Positive,0.29000100000000373,0.7692334013466029,0.16999799999999254
142,2018-07-26,38.040001000000004,38.369999,38.040001000000004,38.16,35.837788,23567900,Positive,0.16999799999999254,0.44748089247268474,0.25
143,2018-07-27,38.099998,38.48,38.07,38.41,36.072575,20979100,Negative ,0.25,0.6551362683438144,0.18000000000000682
144,2018-07-30,38.360001000000004,38.68,38.18,38.59,36.241619,20855300,Negative ,0.18000000000000682,0.4686279614683819,1.3399999999999963
145,2018-07-31,38.209998999999996,39.990002000000004,38.139998999999996,39.93,37.50008,48232800,Positive,1.3399999999999963,3.4724021767297053,0.3400000000000034
146,2018-08-01,39.630001,40.32,39.540001000000004,40.27,37.819386,31057500,Negative ,0.3400000000000034,0.8514901076884573,-0.6199980000000025
147,2018-08-02,39.619999,40.220001,39.529999,39.650002,37.554188,30246000,Positive,-0.6199980000000025,-1.5396026818972008,0.8899990000000031
148,2018-08-03,39.619999,40.66,39.490002000000004,40.540001000000004,38.397141,25966200,Positive,0.8899990000000031,2.2446379700056696,0.5
149,2018-08-06,40.360001000000004,41.220001,40.330002,41.040001000000004,38.870708,26071700,Positive,0.5,1.2333497475740085,-0.20000100000000032
150,2018-08-07,40.849998,41.25,40.790001000000004,40.84,38.681282,17958800,Positive,-0.20000100000000032,-0.4873318594704745,0.5699999999999932
151,2018-08-08,40.709998999999996,41.639998999999996,40.580002,41.41,39.221149,24513700,Positive,0.5699999999999932,1.3956904995102715,-0.4099999999999966
152,2018-08-09,41.299999,41.369999,40.810001,41.0,38.832829,19090400,Negative ,-0.4099999999999966,-0.9900990099009799,-0.07000000000000028
153,2018-08-10,40.810001,41.310001,40.700001,40.93,38.766525,17262000,Negative ,-0.07000000000000028,-0.17073170731707332,-0.11999899999999997
154,2018-08-13,40.950001,41.209998999999996,40.810001,40.810001,38.65287,18843100,Negative ,-0.11999899999999997,-0.2931810408013713,-0.10000200000000348
155,2018-08-14,40.84,41.040001000000004,40.540001000000004,40.709998999999996,38.558155,16448600,Positive,-0.10000200000000348,-0.2450428756421874,0.4500010000000003
156,2018-08-15,40.799999,41.240002000000004,40.650002,41.16,38.984364,21279400,Negative ,0.4500010000000003,1.1053819971845291,0.25999800000000306
157,2018-08-16,41.23,41.470001,41.07,41.419998,39.230621,15614300,Positive,0.25999800000000306,0.6316763848396523,0.6700020000000038
158,2018-08-17,41.48,42.189999,41.470001,42.09,39.865215,24583200,Positive,0.6700020000000038,1.617580956908804,0.24000199999999694
159,2018-08-20,42.200001,42.77,42.09,42.330002,40.092529,21367200,Positive,0.24000199999999694,0.5702114516512147,-0.17000200000000376
160,2018-08-21,42.330002,42.439999,41.990002000000004,42.16,39.931515000000005,17678600,Positive,-0.17000200000000376,-0.4016111315090498,-0.0899999999999963
161,2018-08-22,42.150002,42.34,41.810001,42.07,39.846268,14233100,Positive,-0.0899999999999963,-0.21347248576849553,0.13000100000000003
162,2018-08-23,42.110001000000004,42.32,41.959998999999996,42.200001,39.969398,19954600,Negative ,0.13000100000000003,0.30901117185642146,0.20000100000000032
163,2018-08-24,42.43,42.490002000000004,42.0,42.400002,40.158825,20551900,Positive,0.20000100000000032,0.4739360077266275,-0.8200000000000003
164,2018-08-27,42.52,42.619999,41.310001,41.580002,39.382168,23231400,Positive,-0.8200000000000003,-1.933962172926318,-0.08000200000000035
165,2018-08-28,41.610001000000004,41.779999,41.32,41.5,39.306396,18853600,Negative ,-0.08000200000000035,-0.19240499315031911,-0.0
166,2018-08-29,41.5,41.619999,41.169998,41.5,39.306396,14976300,Positive,0.0,0.0,-0.0
167,2018-08-30,41.23,41.91,41.200001,41.5,39.306396,15194900,Negative ,0.0,0.0,0.020000000000003126
168,2018-08-31,41.290001000000004,41.580002,41.09,41.52,39.325340000000004,19908500,Positive,0.020000000000003126,0.04819277108434328,-0.15000100000000316
169,2018-09-04,41.48,41.549999,41.220001,41.369999,39.183262,14492200,Negative ,-0.15000100000000316,-0.36127408477842904,0.4799989999999994
170,2018-09-05,41.290001000000004,41.919998,41.259997999999996,41.849998,39.637896999999995,20702000,Negative ,0.4799989999999994,1.1602586695735662,-0.06999900000000281
171,2018-09-06,41.849998,41.91,41.450001,41.779999,39.571594,17416300,Negative ,-0.06999900000000281,-0.16726165673891513,0.42000200000000376
172,2018-09-07,41.59,42.349998,41.459998999999996,42.200001,39.969398,20134400,Positive,0.42000200000000376,1.005270488398069,-0.14000000000000057
173,2018-09-10,42.380001,42.720001,42.049999,42.060001,39.836796,20381600,Negative ,-0.14000000000000057,-0.3317535466409116,0.25
174,2018-09-11,42.0,42.43,41.950001,42.310001,40.073582,18651600,Positive,0.25,0.5943889540088287,0.09999899999999684
175,2018-09-12,42.299999,42.790001000000004,42.279999,42.41,40.168296999999995,16611200,Positive,0.09999899999999684,0.23634837541128828,0.4399980000000028
176,2018-09-13,42.5,42.919998,42.43,42.849998,40.585037,17709800,Positive,0.4399980000000028,1.0374864418769114,0.1100009999999969
177,2018-09-14,42.75,43.0,42.5,42.959998999999996,40.689217,15939900,Negative ,0.1100009999999969,0.2567117972794186,0.04999899999999968
178,2018-09-17,43.02,43.18,42.740002000000004,43.009997999999996,40.73658,16038200,Negative ,0.04999899999999968,0.11638501202013707,0.5
179,2018-09-18,43.0,43.68,42.830002,43.509997999999996,41.210148,19416500,Positive,0.5,1.1625203981641574,-0.25
180,2018-09-19,43.419998,43.68,42.990002000000004,43.259997999999996,40.973362,22564600,Positive,-0.25,-0.5745805826053996,0.49000200000000405
181,2018-09-20,43.369999,43.880001,43.349998,43.75,41.437466,17476100,Positive,0.49000200000000405,1.1326907597175584,0.31000099999999975
182,2018-09-21,43.779999,44.200001,43.610001000000004,44.060001,41.731087,35192200,Negative ,0.31000099999999975,0.7085737142857207,-0.13000100000000003
183,2018-09-24,43.939999,44.459998999999996,43.830002,43.93,41.607956,17162800,Negative ,-0.13000100000000003,-0.2950544644790165,-0.139998999999996
184,2018-09-25,44.130001,44.290001000000004,43.759997999999996,43.790001000000004,41.475346,14533700,Negative ,-0.139998999999996,-0.3186865467789568,-0.11000100000000401
185,2018-09-26,43.84,44.310001,43.639998999999996,43.68,41.371165999999995,17442900,Negative ,-0.11000100000000401,-0.2512011817492388,0.22000200000000092
186,2018-09-27,43.790001000000004,44.18,43.68,43.900002,41.57954,14124700,Positive,0.22000200000000092,0.5036675824175774,0.16999799999999965
187,2018-09-28,43.93,44.139998999999996,43.73,44.07,41.740551,14662800,Positive,0.16999799999999965,0.38723916231255817,0.20000000000000284
188,2018-10-01,44.029999,44.52,43.91,44.27,41.929984999999995,16008100,Negative ,0.20000000000000284,0.45382346267301976,-0.04999899999999968
189,2018-10-02,44.209998999999996,44.389998999999996,44.130001,44.220001,41.882626,17236900,Negative ,-0.04999899999999968,-0.11294104359611534,0.5899999999999963
190,2018-10-03,44.279999,44.84,44.279999,44.810001,42.441441,22730200,Negative ,0.5899999999999963,1.334237871229349,-0.10999999999999943
191,2018-10-04,44.529999,44.790001000000004,44.290001000000004,44.700001,42.33725,17989000,Negative ,-0.10999999999999943,-0.24548091395936167,0.20999899999999627
192,2018-10-05,44.709998999999996,45.0,44.599998,44.91,42.536156,17184600,Negative ,0.20999899999999627,0.4697964100716545,0.36999899999999997
193,2018-10-08,44.75,45.32,44.700001,45.279999,42.886596999999995,23415200,Positive,0.36999899999999997,0.82386773547094,0.1900020000000069
194,2018-10-09,44.990002000000004,45.810001,44.790001000000004,45.470001,43.066551000000004,20386000,Negative ,0.1900020000000069,0.4196157336487705,-0.9600030000000075
195,2018-10-10,45.450001,45.73,44.48,44.509997999999996,42.157295,32017300,Negative ,-0.9600030000000075,-2.1112887153884374,-1.6999969999999962
196,2018-10-11,44.360001000000004,44.490002000000004,42.400002,42.810001,40.547153,42029600,Negative ,-1.6999969999999962,-3.819359866068739,0.9699979999999968
197,2018-10-12,42.77,43.959998999999996,42.639998999999996,43.779999,41.465878000000004,28858700,Negative ,0.9699979999999968,2.265821016916103,-0.6599999999999966
198,2018-10-15,43.650002,43.709998999999996,42.98,43.119999,40.840763,22773000,Negative ,-0.6599999999999966,-1.5075377228765952,0.8100009999999997
199,2018-10-16,43.349998,43.98,43.040001000000004,43.93,41.607956,21208400,Positive,0.8100009999999997,1.878481026866452,0.6400000000000006
200,2018-10-17,43.77,44.799999,43.75,44.57,42.214127000000005,21967900,Negative ,0.6400000000000006,1.456863191440938,-0.5700000000000003
201,2018-10-18,44.34,44.5,43.709998999999996,44.0,41.674259,21345700,Negative ,-0.5700000000000003,-1.2788871438187077,0.5
202,2018-10-19,44.049999,44.830002,43.98,44.5,42.14782,18562500,Negative ,0.5,1.1363636363636465,-0.13000100000000003
203,2018-10-22,44.439999,44.509997999999996,44.02,44.369999,42.024693,17103300,Negative ,-0.13000100000000003,-0.2921370786516886,-0.2700010000000006
204,2018-10-23,43.889998999999996,44.32,43.689999,44.099998,41.768966999999996,21891000,Positive,-0.2700010000000006,-0.6085215372666597,-1.6199980000000025
205,2018-10-24,43.810001,44.290001000000004,42.360001000000004,42.48,40.234596,35035300,Negative ,-1.6199980000000025,-3.673465019204769,0.9299999999999997
206,2018-10-25,42.389998999999996,43.939999,41.66,43.41,41.115437,36623000,Positive,0.9299999999999997,2.1892655367231617,-0.8100019999999972
207,2018-10-26,43.049999,43.279999,42.18,42.599998,40.348255,28743200,Negative ,-0.8100019999999972,-1.865934116562995,0.6300019999999975
208,2018-10-29,42.950001,43.68,42.560001,43.23,40.944953999999996,30215900,Negative ,0.6300019999999975,1.478878003703188,-0.3400010000000009
209,2018-10-30,41.950001,43.09,41.779999,42.889998999999996,40.622921000000005,33609300,Positive,-0.3400010000000009,-0.7864931760351634,0.17000200000000376
210,2018-10-31,43.009997999999996,43.66,42.709998999999996,43.060001,40.783939000000004,26748800,Positive,0.17000200000000376,0.39636746086191277,0.6099969999999999
211,2018-11-01,43.200001,43.830002,43.09,43.669998,41.361691,23034300,Positive,0.6099969999999999,1.416620961063142,-0.7399979999999999
212,2018-11-02,43.759997999999996,43.84,42.48,42.93,40.660812,22982000,Negative ,-0.7399979999999999,-1.6945226331359087,0.5900000000000034
213,2018-11-05,42.830002,43.619999,42.830002,43.52,41.21962,20520300,Positive,0.5900000000000034,1.3743303051479305,-0.5100020000000072
214,2018-11-06,43.580002,43.59,42.689999,43.009997999999996,40.73658,21057100,Positive,-0.5100020000000072,-1.1718795955882544,1.3900040000000047
215,2018-11-07,43.380001,44.560001,43.290001000000004,44.400002,42.053112,34909800,Positive,1.3900040000000047,3.2318160070595736,-0.5500040000000013
216,2018-11-08,43.860001000000004,44.200001,43.470001,43.849998,41.852672999999996,24380000,Positive,-0.5500040000000013,-1.2387476919483054,0.4300009999999972
217,2018-11-09,43.720001,44.610001000000004,43.720001,44.279999,42.263088,24708400,Negative ,0.4300009999999972,0.9806180606895198,-0.16999799999999254
218,2018-11-12,44.279999,44.549999,43.900002,44.110001000000004,42.100826,20734200,Negative ,-0.16999799999999254,-0.38391599783006436,-0.5900010000000009
219,2018-11-13,44.330002,44.459998999999996,43.349998,43.52,41.537704,19126200,Negative ,-0.5900010000000009,-1.337567414700358,-0.6100000000000065
220,2018-11-14,43.759997999999996,43.849998,42.709998999999996,42.91,40.955494,26943900,Negative ,-0.6100000000000065,-1.401654411764719,0.2999989999999997
221,2018-11-15,42.700001,43.389998999999996,42.349998,43.209998999999996,41.241821,24607500,Positive,0.2999989999999997,0.6991353996737448,0.2999989999999997
222,2018-11-16,43.099998,43.779999,42.91,43.509997999999996,41.52816,23344000,Positive,0.2999989999999997,0.6942814324064184,0.6700020000000038
223,2018-11-19,43.619999,44.27,43.509997999999996,44.18,42.167645,22458800,Negative ,0.6700020000000038,1.5398805580271624,-0.6500010000000032
224,2018-11-20,44.009997999999996,44.389998999999996,43.400002,43.529999,41.547249,21791800,Negative ,-0.6500010000000032,-1.4712562245359995,-0.4300009999999972
225,2018-11-21,43.5,43.5,42.77,43.099998,41.136833,18658300,Negative ,-0.4300009999999972,-0.9878268088175157,0.04000099999999662
226,2018-11-23,42.950001,43.549999,42.799999,43.139998999999996,41.175011,8390900,Negative ,0.04000099999999662,0.0928097490862978,0.20000100000000742
227,2018-11-26,43.32,43.490002000000004,42.880001,43.34,41.365902,19115700,Positive,0.20000100000000742,0.4636091901624839,0.7299999999999969
228,2018-11-27,43.200001,44.150002,42.970001,44.07,42.062653000000005,18753200,Positive,0.7299999999999969,1.6843562528841671,0.8300020000000004
229,2018-11-28,44.290001000000004,44.919998,44.099998,44.900002,42.854851000000004,18873500,Positive,0.8300020000000004,1.8833719083276579,0.6099959999999953
230,2018-11-29,44.759997999999996,45.830002,44.700001,45.509997999999996,43.437061,24729900,Positive,0.6099959999999953,1.3585656410438407,0.7200020000000009
231,2018-11-30,45.349998,46.259997999999996,45.279999,46.23,44.124268,42746200,Positive,0.7200020000000009,1.5820743389177938,-0.23999799999999283
232,2018-12-03,46.369999,46.380001,45.759997999999996,45.990002000000004,43.895203,25399600,Negative ,-0.23999799999999283,-0.5191390871728152,-0.8500030000000081
233,2018-12-04,46.23,46.470001,45.110001000000004,45.139998999999996,43.083912,27233300,Negative ,-0.8500030000000081,-1.8482343184068717,-0.15999899999999911
234,2018-12-06,44.580002,44.990002000000004,43.619999,44.98,42.931202,30539400,Positive,-0.15999899999999911,-0.35445060599137435,-1.0600019999999972
235,2018-12-07,44.82,44.939999,43.68,43.919998,41.919478999999995,26531200,Negative ,-1.0600019999999972,-2.35660738105824,0.480004000000001
236,2018-12-10,44.139998999999996,44.560001,43.07,44.400002,42.377625,24846200,Positive,0.480004000000001,1.0929053320995141,-0.3900040000000047
237,2018-12-11,44.080002,44.509997999999996,43.57,44.009997999999996,42.005386,22680200,Negative ,-0.3900040000000047,-0.8783873478203974,0.15000200000000063
238,2018-12-12,44.349998,44.849998,44.150002,44.16,42.148552,19147000,Negative ,0.15000200000000063,0.3408361890859357,0.4100000000000037
239,2018-12-13,44.459998999999996,44.900002,44.209998999999996,44.57,42.539883,22404100,Negative ,0.4100000000000037,0.9284420289855211,-0.7700010000000006
240,2018-12-14,44.080002,44.119999,43.43,43.799999,41.804947,31333000,Negative ,-0.7700010000000006,-1.727621718644834,-0.6899979999999957
241,2018-12-17,43.5,43.970001,42.98,43.110001000000004,41.146381,36671600,Negative ,-0.6899979999999957,-1.5753379355099906,-0.7099990000000034
242,2018-12-18,43.470001,43.5,42.040001000000004,42.400002,40.468723,29531100,Negative ,-0.7099990000000034,-1.6469473058003503,-0.4300009999999972
243,2018-12-19,42.830002,42.990002000000004,41.560001,41.970001,40.058308000000004,35045500,Negative ,-0.4300009999999972,-1.0141532540493658,-0.020000000000003126
244,2018-12-20,41.709998999999996,42.41,41.529999,41.950001,40.039219,32727400,Negative ,-0.020000000000003126,-0.047653084401888535,-0.0200010000000006
245,2018-12-21,41.639998999999996,42.869999,41.450001,41.93,40.020126,58755400,Negative ,-0.0200010000000006,-0.047678187182886855,-1.380001
246,2018-12-24,41.810001,41.959998999999996,40.52,40.549999,38.702988,18764900,Negative ,-1.380001,-3.2912020033389,1.6400000000000006
247,2018-12-26,40.66,42.200001,40.419998,42.189999,40.268284,24133900,Positive,1.6400000000000006,4.044389742155108,0.6599989999999991
248,2018-12-27,41.810001,42.849998,41.259997999999996,42.849998,40.898224,27414300,Positive,0.6599989999999991,1.5643494089677468,0.1100009999999969
249,2018-12-28,43.02,43.540001000000004,42.810001,42.959998999999996,41.003208,24175500,Negative ,0.1100009999999969,0.2567117972794186,0.6900030000000044
250,2018-12-31,43.209998999999996,43.73,43.099998,43.650002,41.661781,19482000,Positive,0.6900030000000044,1.6061522720240307,-0.40000200000000063
251,2019-01-02,43.119999,43.5,42.639998999999996,43.25,41.280003,25076200,Positive,-0.40000200000000063,-0.9163848377372386,-1.2099989999999963
252,2019-01-03,43.240002000000004,43.34,41.950001,42.040001000000004,40.125114,27043200,Negative ,-1.2099989999999963,-2.7976855491329444,0.9599989999999963
253,2019-01-04,42.439999,43.349998,42.259997999999996,43.0,41.041385999999996,25754600,Positive,0.9599989999999963,2.2835370531984367,0.22999999999999687
254,2019-01-07,43.07,43.619999,42.860001000000004,43.23,41.260918,19919800,Positive,0.22999999999999687,0.5348837209302237,0.20000000000000284
255,2019-01-08,43.560001,43.700001,43.150002,43.43,41.451805,18669100,Positive,0.20000000000000284,0.4626416840157299,-0.0899999999999963
256,2019-01-09,43.459998999999996,43.669998,43.200001,43.34,41.365902,19077400,Positive,-0.0899999999999963,-0.20723002532810897,-1.0299990000000037
257,2019-01-10,43.220001,43.23,42.029999,42.310001,40.382816,37695600,Positive,-1.0299990000000037,-2.376555145362258,0.5700000000000003
258,2019-01-11,42.330002,42.880001,42.150002,42.880001,40.926857,19985300,Positive,0.5700000000000003,1.3471992118364584,-0.5100020000000001
259,2019-01-14,42.549999,42.630001,42.169998,42.369999,40.440083,16703200,Positive,-0.5100020000000001,-1.1893703080837148,0.3600009999999969
260,2019-01-15,42.599998,43.240002000000004,42.43,42.73,40.783688,24540200,Positive,0.3600009999999969,0.8496601569426554,-0.6199989999999929
261,2019-01-16,42.59,42.790001000000004,42.029999,42.110001000000004,40.191933,28623700,Positive,-0.6199989999999929,-1.450968874327152,0.35999999999999943
262,2019-01-17,41.950001,42.66,41.830002,42.470001,40.53553,22938600,Positive,0.35999999999999943,0.8549038030182032,0.05999799999999311
263,2019-01-18,42.860001000000004,42.880001,42.259997999999996,42.529999,40.592796,36639900,Positive,0.05999799999999311,0.14127148242824017,-0.25999899999999343
264,2019-01-22,42.41,42.689999,41.93,42.27,40.344639,27935600,Negative ,-0.25999899999999343,-0.6113308396738848,-0.11000000000000654
265,2019-01-23,41.990002000000004,42.200001,41.549999,42.16,40.239655,23209500,Negative ,-0.11000000000000654,-0.26023184291461554,-1.2099989999999963
266,2019-01-24,41.779999,41.790001000000004,40.619999,40.950001,39.084765999999995,32631900,Positive,-1.2099989999999963,-2.8700166034155483,-0.31000200000000433
267,2019-01-25,41.099998,41.25,40.509997999999996,40.639998999999996,38.788883,34025100,Positive,-0.31000200000000433,-0.7570256225390648,-1.1099999999999994
268,2019-01-28,40.5,40.529999,39.48,39.529999,37.729442999999996,37314700,Negative ,-1.1099999999999994,-2.731299279805588,1.2400010000000066
269,2019-01-29,39.5,40.849998,39.470001,40.77,38.912964,48744600,Negative ,1.2400010000000066,3.1368606915472164,0.8100019999999972
270,2019-01-30,40.77,41.75,40.73,41.580002,39.686073,34220000,Positive,0.8100019999999972,1.9867598724552238,0.869999
271,2019-01-31,41.380001,42.619999,41.349998,42.450001,40.870293,38830600,Positive,0.869999,2.0923495867075648,0.4299999999999997
272,2019-02-01,42.869999,43.119999,42.549999,42.880001,41.284298,25844100,Positive,0.4299999999999997,1.0129563954545118,-0.4400019999999998
273,2019-02-04,42.84,42.84,41.959998999999996,42.439999,40.860668,18431200,Positive,-0.4400019999999998,-1.0261240432340446,-0.32999799999999624
274,2019-02-05,42.43,42.73,42.060001,42.110001000000004,40.542953000000004,20045200,Positive,-0.32999799999999624,-0.7775636375486172,0.22000099999999634
275,2019-02-06,41.919998,42.369999,41.790001000000004,42.330002,40.754761,15607600,Negative ,0.22000099999999634,0.5224435876883371,-0.630001
276,2019-02-07,42.110001000000004,42.150002,41.209998999999996,41.700001,40.148205,23005700,Negative ,-0.630001,-1.488308457911247,0.5299989999999966
277,2019-02-08,41.529999,42.240002000000004,41.490002000000004,42.23,40.658482,26091200,Positive,0.5299989999999966,1.2709807848685584,-0.5499999999999972
278,2019-02-11,42.279999,42.310001,41.509997999999996,41.68,40.128948,25713600,Negative ,-0.5499999999999972,-1.3023916646933364,0.18999900000000025
279,2019-02-12,41.709998999999996,42.009997999999996,41.389998999999996,41.869999,40.311878,28975500,Positive,0.18999900000000025,0.4558517274472207,-0.16999799999999965
280,2019-02-13,41.919998,42.060001,41.389998999999996,41.700001,40.148205,23488800,Positive,-0.16999799999999965,-0.4060138620972986,0.2700000000000031
281,2019-02-14,41.700001,42.119999,41.619999,41.970001,40.408161,18847200,Positive,0.2700000000000031,0.6474819988613545,0.4300009999999972
282,2019-02-15,42.380001,42.509997999999996,42.080002,42.400002,40.822159,18186900,Positive,0.4300009999999972,1.0245436972946331,0.19999599999999873
283,2019-02-19,42.240002000000004,42.860001000000004,42.189999,42.599998,41.014713,23181200,Positive,0.19999599999999873,0.47168865699580564,-0.39999699999999905
284,2019-02-20,42.529999,42.560001,41.93,42.200001,40.629601,25953400,Positive,-0.39999699999999905,-0.93896013797935,-0.06000200000000433
285,2019-02-21,42.02,42.32,41.860001000000004,42.139998999999996,40.571835,18607100,Negative ,-0.06000200000000433,-0.14218483075392196,0.8200000000000003
286,2019-02-22,42.299999,43.130001,42.220001,42.959998999999996,41.361313,23509800,Positive,0.8200000000000003,1.9458946831014456,0.12000300000000408
287,2019-02-25,43.040001000000004,43.369999,42.939999,43.080002,41.476852,23979900,Negative ,0.12000300000000408,0.2793365986810237,-0.060001999999997224
288,2019-02-26,42.959998999999996,43.23,42.799999,43.02,41.419083,15701100,Positive,-0.060001999999997224,-0.13928040207611403,-0.09000000000000341
289,2019-02-27,42.98,43.220001,42.810001,42.93,41.332436,15631000,Positive,-0.09000000000000341,-0.20920502092051096,0.41999799999999965
290,2019-02-28,42.950001,43.779999,42.869999,43.349998,41.736805,37004200,Negative ,0.41999799999999965,0.9783321686466229,0.010003000000004647
291,2019-03-01,43.610001000000004,43.790001000000004,43.290001000000004,43.360001000000004,41.746433,25301500,Positive,0.010003000000004647,0.02307497222953092,-0.29000100000000373
292,2019-03-04,43.439999,43.59,42.880001,43.07,41.467224,21637400,Negative ,-0.29000100000000373,-0.6688214790401048,-0.1800010000000043
293,2019-03-05,43.09,43.25,42.849998,42.889998999999996,41.293921999999995,25170600,Negative ,-0.1800010000000043,-0.4179266310657126,-1.029997999999992
294,2019-03-06,42.82,42.869999,41.619999,41.860001000000004,40.30225,21262200,Negative ,-1.029997999999992,-2.401487582221651,-0.470002000000008
295,2019-03-07,41.860001000000004,41.889998999999996,41.25,41.389998999999996,39.849743,27558000,Negative ,-0.470002000000008,-1.1227950042333013,-0.5
296,2019-03-08,41.330002,41.439999,40.34,40.889998999999996,39.368351000000004,29702200,Positive,-0.5,-1.2080212903605059,0.610001000000004
297,2019-03-11,41.099998,41.52,40.799999,41.5,39.95565,27667500,Positive,0.610001000000004,1.4918097699146537,0.22999999999999687
298,2019-03-12,41.700001,41.919998,41.369999,41.73,40.17709,22932200,Positive,0.22999999999999687,0.5542168674698811,0.2799979999999991
299,2019-03-13,41.869999,42.130001,41.549999,42.009997999999996,40.446674,22500300,Positive,0.2799979999999991,0.6709753175173638,-0.8199989999999957
300,2019-03-14,42.0,42.080002,41.130001,41.189999,39.657185,30474000,Negative ,-0.8199989999999957,-1.9519139229666083,0.5899999999999963
301,2019-03-15,41.23,41.880001,40.860001000000004,41.779999,40.225227000000004,70938000,Positive,0.5899999999999963,1.4323865363531585,0.030002000000003193
302,2019-03-18,41.77,42.07,41.650002,41.810001,40.254115999999996,18021200,Positive,0.030002000000003193,0.07180947993801201,0.48999799999999993
303,2019-03-19,41.970001,42.43,41.75,42.299999,40.725876,25050500,Negative ,0.48999799999999993,1.1719636170302916,-0.13000100000000003
304,2019-03-20,42.200001,42.400002,41.779999,42.169998,40.600716,22295100,Negative ,-0.13000100000000003,-0.3073309765326493,0.17999999999999972
305,2019-03-21,41.93,42.639998999999996,41.869999,42.349998,40.774014,23019500,Positive,0.17999999999999972,0.42684374801251757,-0.5
306,2019-03-22,42.200001,42.619999,41.830002,41.849998,40.292625,18614900,Negative ,-0.5,-1.18063760003011,0.04000099999999662
307,2019-03-25,41.810001,42.150002,41.669998,41.889998999999996,40.331134999999996,18807700,Positive,0.04000099999999662,0.09558184447224782,0.5299990000000037
308,2019-03-26,42.200001,42.700001,42.130001,42.419998,40.841415000000005,19781100,Positive,0.5299990000000037,1.2652160722181005,-0.3999979999999965
309,2019-03-27,42.34,42.639998999999996,41.919998,42.02,40.456299,18458300,Negative ,-0.3999979999999965,-0.9429467677013914,0.2700010000000006
310,2019-03-28,42.18,42.369999,42.060001,42.290001000000004,40.716251,16048900,Positive,0.2700010000000006,0.6425535459305021,0.17999999999999972
311,2019-03-29,42.400002,42.580002,42.189999,42.470001,40.889553,20571000,Positive,0.17999999999999972,0.4256325271782213,0.36999899999999997
312,2019-04-01,42.580002,42.939999,42.549999,42.84,41.245785,19302700,Positive,0.36999899999999997,0.8712008271438476,0.06999999999999318
313,2019-04-02,42.950001,43.18,42.740002000000004,42.91,41.313175,17670900,Negative ,0.06999999999999318,0.16339869281043473,-0.06999999999999318
314,2019-04-03,42.990002000000004,43.07,42.549999,42.84,41.245785,15370400,Negative ,-0.06999999999999318,-0.16313213703097462,-0.09999799999999937
315,2019-04-04,42.790001000000004,42.919998,42.5,42.740002000000004,41.149509,12325400,Positive,-0.09999799999999937,-0.23342203548085694,0.25
316,2019-04-05,42.98,43.279999,42.889998999999996,42.990002000000004,41.390205,14761900,Positive,0.25,0.5849321204991931,0.14999699999999194
317,2019-04-08,43.07,43.279999,42.91,43.139998999999996,41.534618,14620800,Positive,0.14999699999999194,0.3489113585060766,-0.2999989999999926
318,2019-04-09,42.98,43.0,42.580002,42.84,41.245785,17860600,Negative ,-0.2999989999999926,-0.6954079901577925,-0.11000000000000654
319,2019-04-10,42.919998,42.919998,42.650002,42.73,41.139874,12526200,Positive,-0.11000000000000654,-0.25676937441644343,-0.45999999999999375
320,2019-04-11,42.790001000000004,42.830002,41.990002000000004,42.27,40.696991,19179200,Negative ,-0.45999999999999375,-1.0765270301895447,-0.5600010000000069
321,2019-04-12,42.34,42.34,41.580002,41.709998999999996,40.157833000000004,20245300,Positive,-0.5600010000000069,-1.324819020581991,0.38000100000000714
322,2019-04-15,41.860001000000004,42.119999,41.470001,42.09,40.523693,17422000,Negative ,0.38000100000000714,0.9110549247435928,-1.1700020000000038
323,2019-04-16,42.220001,42.299999,40.830002,40.919998,39.397228000000005,26097700,Negative ,-1.1700020000000038,-2.779762413875042,-1.0399969999999996
324,2019-04-17,40.900002,41.0,39.389998999999996,39.880001,38.395939,40239200,Negative ,-1.0399969999999996,-2.5415372698698535,-0.5
325,2019-04-18,39.93,39.93,38.419998,39.380001,37.914543,47988400,Positive,-0.5,-1.2537612524132102,-0.40000100000000316
326,2019-04-22,39.029999,39.5,38.810001,38.98,37.529423,29429700,Positive,-0.40000100000000316,-1.0157465460704396,0.4399980000000028
327,2019-04-23,39.09,39.639998999999996,38.880001,39.419998,37.953049,25305600,Positive,0.4399980000000028,1.1287788609543492,-0.04999899999999968
328,2019-04-24,39.5,39.639998999999996,39.16,39.369999,37.904911,20111000,Negative ,-0.04999899999999968,-0.12683663758683572,0.24000200000000405
329,2019-04-25,39.25,39.830002,39.169998,39.610001000000004,38.135983,17201200,Negative ,0.24000200000000405,0.6096063146966424,0.35999999999999943
330,2019-04-26,39.669998,39.990002000000004,39.450001,39.970001,38.482586,19025800,Positive,0.35999999999999943,0.908861375691461,-0.38000100000000003
331,2019-04-29,39.970001,40.02,39.59,39.59,38.116721999999996,22038900,Positive,-0.38000100000000003,-0.9507155128667621,1.0200010000000006
332,2019-04-30,40.400002,41.18,39.799999,40.610001000000004,39.09877,32600000,Positive,1.0200010000000006,2.57641070977519,0.15999899999999911
333,2019-05-01,40.59,40.919998,40.169998,40.77,39.252815000000005,19642700,Negative ,0.15999899999999911,0.3939891555284625,0.23999799999999283
334,2019-05-02,40.810001,41.02,40.580002,41.009997999999996,39.483883,19422400,Negative ,0.23999799999999283,0.5886632327691821,0.38000100000000003
335,2019-05-03,41.220001,41.5,41.029999,41.389998999999996,39.849743,17708500,Positive,0.38000100000000003,0.9266057511146508,0.26000300000000465
336,2019-05-06,40.91,41.77,40.84,41.650002,40.100071,24642700,Positive,0.26000300000000465,0.6281783191152135,-0.8200000000000003
337,2019-05-07,41.389998999999996,41.709998999999996,40.5,40.830002,39.310589,26189600,Negative ,-0.8200000000000003,-1.968787420466389,0.11999899999999997
338,2019-05-08,40.799999,41.029999,40.439999,40.950001,39.426113,22592000,Negative ,0.11999899999999997,0.29389907940733373,-0.31000200000000433
339,2019-05-09,40.299999,40.84,40.23,40.639998999999996,39.474682,18721500,Positive,-0.31000200000000433,-0.7570256225390648,0.08000200000000746
340,2019-05-10,40.630001,40.82,39.869999,40.720001,39.552387,16500500,Positive,0.08000200000000746,0.1968553198045342,-0.15000100000000316
341,2019-05-13,40.23,40.650002,40.150002,40.57,39.406689,26575700,Negative ,-0.15000100000000316,-0.3683717984191648,0.0899999999999963
342,2019-05-14,40.59,40.869999,40.560001,40.66,39.49411,25401100,Positive,0.0899999999999963,0.22183879714072763,0.49000200000000405
343,2019-05-15,40.860001000000004,41.290001000000004,40.700001,41.150002,39.970058,31803300,Positive,0.49000200000000405,1.2051205115592767,0.48999699999999535
344,2019-05-16,41.150002,41.98,41.150002,41.639998999999996,40.446007,24201600,Positive,0.48999699999999535,1.1907581438270531,-0.16999799999999254
345,2019-05-17,41.299999,41.810001,41.25,41.470001,40.280888,27692300,Positive,-0.16999799999999254,-0.4082564939542732,0.11999899999999997
346,2019-05-20,41.400002,41.709998999999996,41.279999,41.59,40.397442,23009100,Negative ,0.11999899999999997,0.2893633882478097,0.07999799999999624
347,2019-05-21,41.709998999999996,41.810001,41.490002000000004,41.669998,40.475143,27310300,Positive,0.07999799999999624,0.19234912238517143,0.3200040000000044
348,2019-05-22,41.689999,42.209998999999996,41.549999,41.990002000000004,40.785976,23979700,Positive,0.3200040000000044,0.7679482010054528,-0.0700040000000044
349,2019-05-23,41.84,41.98,41.650002,41.919998,40.717976,24189700,Negative ,-0.0700040000000044,-0.16671587679373268,0.030003000000000668
350,2019-05-24,42.060001,42.310001,41.869999,41.950001,40.74712,14595200,Negative ,0.030003000000000668,0.07157204539942619,-0.04999899999999968
351,2019-05-28,42.150002,42.48,41.889998999999996,41.900002,40.698551,46907600,Negative ,-0.04999899999999968,-0.11918712469159987,-0.1800009999999972
352,2019-05-29,41.700001,41.84,41.279999,41.720001,40.523711999999996,25517800,Negative ,-0.1800009999999972,-0.4295966382054095,0.1800009999999972
353,2019-05-30,41.68,41.950001,41.580002,41.900002,40.698551,16455700,Positive,0.1800009999999972,0.4314501334743426,-0.3800019999999975
354,2019-05-31,41.689999,41.98,41.450001,41.52,40.329453,21479400,Negative ,-0.3800019999999975,-0.9069259710297817,0.3999979999999965
355,2019-06-03,41.630001,42.189999,41.57,41.919998,40.717976,21483000,Negative ,0.3999979999999965,0.9633863198458492,0.3100019999999972
356,2019-06-04,42.48,42.75,42.040001000000004,42.23,41.019089,17508100,Positive,0.3100019999999972,0.7395086230681525,0.25
357,2019-06-05,42.599998,42.84,42.41,42.48,41.261921,20321500,Positive,0.25,0.5919962112242549,0.2299989999999994
358,2019-06-06,42.799999,43.09,42.48,42.709998999999996,41.485325,23239300,Positive,0.2299989999999994,0.5414289077212864,0.20999900000000338
359,2019-06-07,42.98,43.25,42.860001000000004,42.919998,41.689301,18997600,Positive,0.20999900000000338,0.4916857993839008,0.15000200000000063
360,2019-06-10,43.240002000000004,43.240002000000004,42.669998,43.07,41.835003,14493100,Positive,0.15000200000000063,0.34949209457093566,-0.40000200000000063
361,2019-06-11,43.200001,43.299999,42.549999,42.669998,41.446472,17849300,Negative ,-0.40000200000000063,-0.92872533085675,0.4100040000000007
362,2019-06-12,42.470001,43.169998,42.459998999999996,43.080002,41.844719,15461900,Negative ,0.4100040000000007,0.9608718519274362,-0.5800020000000004
363,2019-06-13,43.07,43.139998999999996,42.369999,42.5,41.281349,13723000,Positive,-0.5800020000000004,-1.3463369848497275,0.25999799999999595
364,2019-06-14,42.52,42.869999,42.48,42.759997999999996,41.533894000000004,12521700,Positive,0.25999799999999595,0.6117599999999834,0.12000300000000408
365,2019-06-17,42.700001,42.900002,42.349998,42.880001,41.650455,13372800,Negative ,0.12000300000000408,0.2806431375417917,0.18999900000000025
366,2019-06-18,42.82,43.330002,42.82,43.07,41.835003,21663600,Positive,0.18999900000000025,0.44309467250245316,0.4299999999999997
367,2019-06-19,43.169998,43.59,43.09,43.5,42.252674,20639100,Positive,0.4299999999999997,0.9983747387973141,0.09999799999999937
368,2019-06-20,43.830002,44.110001000000004,43.509997999999996,43.599998,42.349804,22296300,Positive,0.09999799999999937,0.2298804597701043,0.07000000000000028
369,2019-06-21,43.549999,44.0,43.310001,43.669998,42.417797,36187100,Negative ,0.07000000000000028,0.16055046608030032,0.0899999999999963
370,2019-06-24,43.689999,43.900002,43.470001,43.759997999999996,42.505219,23362500,Negative ,0.0899999999999963,0.20609114751961588,-0.0
371,2019-06-25,43.849998,44.290001000000004,43.759997999999996,43.759997999999996,42.505219,26972500,Negative ,0.0,0.0,-0.7699959999999919
372,2019-06-26,43.68,43.799999,42.5,42.990002000000004,41.757301,38908300,Negative ,-0.7699959999999919,-1.759588745867835,0.43999799999999567
373,2019-06-27,43.02,43.560001,43.009997999999996,43.43,42.184681,20868100,Positive,0.43999799999999567,1.0234891359158338,-0.10999999999999943
374,2019-06-28,43.450001,43.720001,42.98,43.32,42.077835,37690900,Positive,-0.10999999999999943,-0.25328114206769614,0.45000000000000284
375,2019-07-01,43.509997999999996,43.880001,43.34,43.77,42.514934999999994,20261700,Negative ,0.45000000000000284,1.0387811634348987,0.4500010000000003
376,2019-07-02,43.68,44.220001,43.66,44.220001,42.95203,15694400,Positive,0.4500010000000003,1.028103724011875,0.1800009999999972
377,2019-07-03,44.369999,44.560001,43.98,44.400002,43.126865,9770000,Positive,0.1800009999999972,0.40705788315109626,-0.480004000000001
378,2019-07-05,44.310001,44.349998,43.779999,43.919998,42.660633000000004,17357900,Positive,-0.480004000000001,-1.0810900413923408,-0.619999
379,2019-07-08,43.799999,43.869999,42.98,43.299999,42.058407,22728000,Negative ,-0.619999,-1.4116553466145376,0.07000000000000028
380,2019-07-09,43.419998,43.799999,43.299999,43.369999,42.126404,13494600,Positive,0.07000000000000028,0.16166282128551313,0.6900019999999998
381,2019-07-10,43.650002,44.110001000000004,43.439999,44.060001,42.796619,14514800,Positive,0.6900019999999998,1.5909661422865096,-1.0800010000000029
382,2019-07-11,43.32,43.560001,42.380001,42.98,41.747585,36417000,Positive,-1.0800010000000029,-2.4512051191283524,-0.5799979999999962
383,2019-07-12,42.91,42.990002000000004,42.009997999999996,42.400002,41.184219,31860500,Positive,-0.5799979999999962,-1.3494602140530443,0.34999799999999937
384,2019-07-15,42.27,42.77,42.240002000000004,42.75,41.524181,19320600,Negative ,0.34999799999999937,0.8254669421949634,0.09999799999999937
385,2019-07-16,42.790001000000004,42.970001,42.48,42.849998,41.621311,18551600,Negative ,0.09999799999999937,0.23391345029240007,-0.10999599999999532
386,2019-07-17,43.09,43.189999,42.73,42.740002000000004,41.514469,15504300,Negative ,-0.10999599999999532,-0.25670012866744196,0.3199989999999957
387,2019-07-18,42.860001000000004,43.060001,42.549999,43.060001,41.825291,13025500,Positive,0.3199989999999957,0.748710774510486,-0.2900009999999966
388,2019-07-19,43.189999,43.209998999999996,42.77,42.77,41.54361,22345900,Negative ,-0.2900009999999966,-0.6734811733980162,0.04999999999999716
389,2019-07-22,42.830002,43.02,42.549999,42.82,41.592175,11909000,Positive,0.04999999999999716,0.11690437222351413,0.2700000000000031
390,2019-07-23,42.849998,43.23,42.75,43.09,41.854431,18583400,Positive,0.2700000000000031,0.6305464736104716,-0.20000100000000742
391,2019-07-24,43.0,43.0,42.369999,42.889998999999996,41.660164,17189600,Positive,-0.20000100000000742,-0.4641471339058012,-0.22000099999999634
392,2019-07-25,42.830002,43.0,42.529999,42.669998,41.446472,16617300,Negative ,-0.22000099999999634,-0.5129424227778512,0.42000200000000376
393,2019-07-26,42.66,43.169998,42.43,43.09,41.854431,19983100,Positive,0.42000200000000376,0.9843028349802108,-1.639999000000003
394,2019-07-29,42.169998,43.0,41.34,41.450001,40.261459,61251600,Negative ,-1.639999000000003,-3.8059851473659867,-2.6599999999999966
395,2019-07-30,39.830002,40.240002000000004,38.599998,38.790001000000004,37.677731,90834600,Positive,-2.6599999999999966,-6.417370170871639,0.04999899999999968
396,2019-07-31,38.599998,39.669998,38.509997999999996,38.84,37.726295,53424500,Negative ,0.04999899999999968,0.12889661951800413,-0.5900000000000034
397,2019-08-01,38.310001,38.619999,37.68,38.25,37.500801,48980000,Negative ,-0.5900000000000034,-1.5190525231719931,-0.25
398,2019-08-02,38.25,38.540001000000004,37.75,38.0,37.255699,27660000,Negative ,-0.25,-0.6535947712418277,-1.0400010000000037
399,2019-08-05,37.759997999999996,37.830002,36.41,36.959998999999996,36.236069,43271900,Negative ,-1.0400010000000037,-2.7368447368421145,-0.009997999999995955
400,2019-08-06,37.189999,37.310001,36.470001,36.950001,36.226265000000005,30347100,Positive,-0.009997999999995955,-0.027050866532751794,-0.36999899999999997
401,2019-08-07,36.650002,36.779999,35.860001000000004,36.580002,35.863514,30376900,Positive,-0.36999899999999997,-1.0013504465128387,0.2899969999999996
402,2019-08-08,36.700001,36.950001,36.599998,36.869999,36.147831,22159800,Positive,0.2899969999999996,0.7927746969505378,-0.5200010000000006
403,2019-08-09,36.77,36.830002,36.110001000000004,36.349998,35.638016,24090800,Negative ,-0.5200010000000006,-1.4103634773627194,-0.9599990000000034
404,2019-08-12,36.310001,36.32,34.779999,35.389998999999996,34.696822999999995,41117300,Negative ,-0.9599990000000034,-2.640987765666458,-0.18999799999999567
405,2019-08-13,35.43,35.810001,35.150002,35.200001,34.510544,43215800,Positive,-0.18999799999999567,-0.5368691872525755,-0.9599989999999963
406,2019-08-14,34.93,34.98,34.200001,34.240002000000004,33.569347,36654100,Negative ,-0.9599989999999963,-2.7272698088843694,0.23999799999999283
407,2019-08-15,34.299999,34.580002,33.970001,34.48,33.804646000000005,29140100,Positive,0.23999799999999283,0.7009286973756357,0.17000200000000376
408,2019-08-16,34.720001,35.009997999999996,34.490002000000004,34.650002,33.971317,28474700,Positive,0.17000200000000376,0.4930452436195054,0.5299979999999991
409,2019-08-19,34.880001,35.32,34.830002,35.18,34.490932,20870300,Positive,0.5299979999999991,1.529575669288552,-0.5699989999999957
410,2019-08-20,35.099998,35.16,34.57,34.610001000000004,33.932097999999996,18911300,Negative ,-0.5699989999999957,-1.620235929505387,0.25999799999999595
411,2019-08-21,34.939999,35.119999,34.82,34.869999,34.187003999999995,18224600,Positive,0.25999799999999595,0.7512221684131015,0.21000300000000038
412,2019-08-22,34.959998999999996,35.23,34.799999,35.080002,34.392895,16065600,Negative ,0.21000300000000038,0.6022455004945693,-0.7400019999999969
413,2019-08-23,35.209998999999996,35.349998,34.169998,34.34,33.667389,26342800,Negative ,-0.7400019999999969,-2.1094696630860943,0.5
414,2019-08-26,34.619999,34.860001000000004,34.48,34.84,34.157593,16573700,Positive,0.5,1.4560279557367606,-0.5
415,2019-08-27,35.009997999999996,35.09,34.310001,34.34,33.667389,23449100,Negative ,-0.5,-1.4351320321469574,0.7400019999999969
416,2019-08-28,34.360001000000004,35.150002,34.279999,35.080002,34.392895,24713400,Positive,0.7400019999999969,2.1549271986021967,0.25
417,2019-08-29,35.790001000000004,35.790001000000004,35.23,35.330002,34.638,18605600,Positive,0.25,0.7126567438622056,0.21999699999999933
418,2019-08-30,35.619999,35.720001,35.279999,35.549999,34.853683000000004,17906400,Negative ,0.21999699999999933,0.6226917281238808,0.5700000000000003
419,2019-09-03,35.610001000000004,36.279999,35.509997999999996,36.119999,35.412518,25260900,Negative ,0.5700000000000003,1.603375572528143,-0.2899969999999996
420,2019-09-04,36.299999,36.400002,35.700001,35.830002,35.128204,19591500,Positive,-0.2899969999999996,-0.8028710078314183,0.5099980000000031
421,2019-09-05,36.110001000000004,36.48,35.889998999999996,36.34,35.628212,20964700,Positive,0.5099980000000031,1.423382560793618,0.1599999999999966
422,2019-09-06,36.360001000000004,36.57,36.110001000000004,36.5,35.78508,19804000,Negative ,0.1599999999999966,0.44028618602089953,0.33000200000000035
423,2019-09-09,36.59,36.84,36.130001,36.830002,36.108616,23411400,Negative ,0.33000200000000035,0.9041150684931498,0.5499989999999997
424,2019-09-10,36.59,37.380001,36.02,37.380001,36.647846,30598100,Positive,0.5499989999999997,1.4933450180100394,0.029998999999996556
425,2019-09-11,37.740002000000004,37.759997999999996,36.900002,37.41,36.677254,16094100,Positive,0.029998999999996556,0.08025414445547163,-0.13000100000000003
426,2019-09-12,37.57,37.619999,37.060001,37.279999,36.549801,15837100,Positive,-0.13000100000000003,-0.3475033413525841,-0.36999899999999997
427,2019-09-13,37.389998999999996,37.599998,36.610001000000004,36.91,36.187046,22864900,Negative ,-0.36999899999999997,-0.9924866146053257,-0.07999799999999624
428,2019-09-16,36.459998999999996,37.02,36.349998,36.830002,36.108616,18858700,Positive,-0.07999799999999624,-0.21673801137902515,-0.33000200000000035
429,2019-09-17,36.790001000000004,36.799999,36.349998,36.5,35.78508,20960100,Positive,-0.33000200000000035,-0.8960140702680364,-0.11999899999999997
430,2019-09-18,36.57,36.720001,36.259997999999996,36.380001,35.667431,18671300,Positive,-0.11999899999999997,-0.3287643835616416,0.12999699999999592
431,2019-09-19,36.419998,36.77,36.34,36.509997999999996,35.794884,16837200,Negative ,0.12999699999999592,0.3573309412498338,0.1800010000000043
432,2019-09-20,36.889998999999996,37.25,36.48,36.689999,35.971359,43634400,Negative ,0.1800010000000043,0.4930183781439945,-0.4499969999999962
433,2019-09-23,36.380001,36.59,36.23,36.240002000000004,35.53017,16409100,Positive,-0.4499969999999962,-1.2264840890292672,-0.2300040000000081
434,2019-09-24,36.27,36.580002,35.98,36.009997999999996,35.304676,22947400,Negative ,-0.2300040000000081,-0.6346688391463351,-0.10999599999999532
435,2019-09-25,35.91,36.349998,35.700001,35.900002,35.196835,19231200,Positive,-0.10999599999999532,-0.3054596115223185,-0.12000300000000408
436,2019-09-26,36.07,36.240002000000004,35.57,35.779999,35.079182,16185700,Negative ,-0.12000300000000408,-0.3342701763637934,0.4400020000000069
437,2019-09-27,35.860001000000004,36.34,35.720001,36.220001,35.510563,16682800,Negative ,0.4400020000000069,1.2297429074830557,-0.29000100000000373
438,2019-09-30,36.279999,36.310001,35.919998,35.93,35.226242,16323900,Positive,-0.29000100000000373,-0.8006653561384636,-0.5
439,2019-10-01,35.93,36.02,35.43,35.43,34.736034000000004,20885200,Negative ,-0.5,-1.3915947676036766,-0.7299989999999994
440,2019-10-02,35.259997999999996,35.27,34.66,34.700001,34.020340000000004,21307400,Negative ,-0.7299989999999994,-2.0603979678238793,0.75
441,2019-10-03,34.709998999999996,35.470001,34.599998,35.450001,34.755646,20945100,Positive,0.75,2.16138322301489,0.4799989999999994
442,2019-10-04,35.490002000000004,35.98,35.450001,35.93,35.226242,17139800,Positive,0.4799989999999994,1.354016887051701,-0.09999799999999937
443,2019-10-07,35.82,36.259997999999996,35.799999,35.830002,35.128204,11156900,Negative ,-0.09999799999999937,-0.2783133871416599,-0.40000200000000063
444,2019-10-08,35.650002,35.880001,35.419998,35.43,34.736034000000004,14005000,Negative ,-0.40000200000000063,-1.1163884389400858,0.25999900000000054
445,2019-10-09,35.650002,35.889998999999996,35.529999,35.689999,34.990944,12935800,Positive,0.25999900000000054,0.7338385548969706,0.10000200000000348
446,2019-10-10,35.669998,36.009997999999996,35.599998,35.790001000000004,35.088985,11573700,Positive,0.10000200000000348,0.2801961412215226,0.3200000000000003
447,2019-10-11,36.139998999999996,36.580002,36.07,36.110001000000004,35.402718,17501000,Positive,0.3200000000000003,0.8941044734813053,0.18999799999999567
448,2019-10-14,36.16,36.349998,35.98,36.299999,35.588993,8255200,Positive,0.18999799999999567,0.5261644827979861,0.20000100000000032
449,2019-10-15,36.450001,36.740002000000004,36.41,36.5,35.78508,14400600,Positive,0.20000100000000032,0.5509669573269038,-0.1599999999999966
450,2019-10-16,36.630001,36.75,36.32,36.34,35.628212,13696200,Positive,-0.1599999999999966,-0.4383561643835576,0.11999899999999286
451,2019-10-17,36.490002000000004,36.810001,36.369999,36.459998999999996,35.745861,14527600,Negative ,0.11999899999999286,0.3302118877269944,-0.0
452,2019-10-18,36.43,36.700001,36.349998,36.459998999999996,35.745861,13490700,Negative ,0.0,0.0,-0.0
453,2019-10-21,36.650002,36.68,36.360001000000004,36.459998999999996,35.745861,12558900,Positive,0.0,0.0,-0.029998999999996556
454,2019-10-22,36.41,36.700001,36.25,36.43,35.71645,13804000,Negative ,-0.029998999999996556,-0.08227921234994495,0.3400000000000034
455,2019-10-23,36.310001,36.779999,36.220001,36.77,36.049789000000004,13283300,Positive,0.3400000000000034,0.9332967334614528,-0.38000100000000714
456,2019-10-24,36.75,36.84,36.259997999999996,36.389998999999996,35.677234999999996,18973800,Negative ,-0.38000100000000714,-1.0334539026380374,0.38000100000000714
457,2019-10-25,36.400002,36.880001,36.310001,36.77,36.049789000000004,16601200,Positive,0.38000100000000714,1.0442457005838568,0.5099989999999934
458,2019-10-28,36.860001000000004,37.48,36.82,37.279999,36.549801,24478500,Positive,0.5099989999999934,1.3869975523524536,0.9299999999999997
459,2019-10-29,38.0,38.759997999999996,37.919998,38.209998999999996,37.461582,30561700,Positive,0.9299999999999997,2.494635260049227,0.2700010000000006
460,2019-10-30,38.41,38.82,38.299999,38.48,37.726299,20891300,Positive,0.2700010000000006,0.7066239389328377,-0.1100009999999969
461,2019-10-31,38.389998999999996,38.580002,38.18,38.369999,37.61845,23282600,Negative ,-0.1100009999999969,-0.28586538461538025,0.01999999999999602
462,2019-11-01,38.689999,38.939999,38.389998999999996,38.389998999999996,37.638058,18276300,Positive,0.01999999999999602,0.0521240566099479,-0.35999999999999943
463,2019-11-04,38.709998999999996,38.740002000000004,38.029999,38.029999,37.285109999999996,16802400,Negative ,-0.35999999999999943,-0.9377442286466309,-0.5499989999999997
464,2019-11-05,38.029999,38.099998,37.470001,37.48,36.74588,20577300,Negative ,-0.5499989999999997,-1.4462240716861419,0.13000100000000714
465,2019-11-06,37.610001000000004,37.73,37.349998,37.610001000000004,36.873340999999996,17796300,Positive,0.13000100000000714,0.3468543223052567,-0.7000010000000074
466,2019-11-07,37.400002,37.580002,36.880001,36.91,36.536774,21562900,Negative ,-0.7000010000000074,-1.8612097351446644,0.1399990000000031
467,2019-11-08,36.880001,37.16,36.830002,37.049999,36.675358,25262700,Positive,0.1399990000000031,0.37929829314549135,-0.11999899999999997
468,2019-11-11,36.91,37.009997999999996,36.75,36.93,36.556571999999996,11900300,Positive,-0.11999899999999997,-0.32388394936259113,0.04000100000000373
469,2019-11-12,36.830002,37.09,36.700001,36.970001,36.596169,12655000,Positive,0.04000100000000373,0.1083157324668349,-0.3700030000000041
470,2019-11-13,36.950001,36.950001,36.299999,36.599998,36.229908,24530600,Positive,-0.3700030000000041,-1.0008195563749211,-0.04999899999999968
471,2019-11-14,36.560001,36.759997999999996,36.32,36.549999,36.180415999999994,23900000,Positive,-0.04999899999999968,-0.13660929708247949,0.7299999999999969
472,2019-11-15,36.630001,37.470001,36.52,37.279999,36.903034000000005,34515000,Positive,0.7299999999999969,1.9972640765325345,-0.05999799999999311
473,2019-11-18,37.389998999999996,37.439999,36.959998999999996,37.220001,36.843643,17158000,Positive,-0.05999799999999311,-0.16093884551873217,0.43999899999999315
474,2019-11-19,37.43,37.68,37.32,37.66,37.27919,25118700,Negative ,0.43999899999999315,1.182157410473983,-0.6100009999999969
475,2019-11-20,37.57,37.689999,37.009997999999996,37.049999,36.675358,18925600,Negative ,-0.6100009999999969,-1.6197583643122626,0.6900030000000044
476,2019-11-21,37.209998999999996,37.939999,37.040001000000004,37.740002000000004,37.358383,19869600,Negative ,0.6900030000000044,1.8623563255696807,0.5899999999999963
477,2019-11-22,37.790001000000004,38.41,37.689999,38.330002,37.942417,24235300,Negative ,0.5899999999999963,1.5633279510689935,0.34999799999999937
478,2019-11-25,38.48,38.880001,38.450001,38.68,38.288879,29973800,Positive,0.34999799999999937,0.9131176147603615,-0.389998999999996
479,2019-11-26,38.540001000000004,38.59,38.049999,38.290001000000004,37.902821,32846900,Positive,-0.389998999999996,-1.0082704239917195,0.3399999999999963
480,2019-11-27,38.380001,38.709998999999996,38.330002,38.630001,38.239384,18217300,Positive,0.3399999999999963,0.8879602797607467,-0.1100009999999969
481,2019-11-29,38.540001000000004,38.880001,38.509997999999996,38.52,38.130497,9292100,Negative ,-0.1100009999999969,-0.2847553641015854,-0.2299989999999994
482,2019-12-02,38.790001000000004,38.799999,38.25,38.290001000000004,37.902821,14844400,Negative ,-0.2299989999999994,-0.597089823468322,-0.24000200000000405
483,2019-12-03,37.959998999999996,38.200001,37.84,38.049999,37.665248999999996,19800600,Positive,-0.24000200000000405,-0.6268007148916066,0.0899999999999963
484,2019-12-04,38.23,38.259997999999996,37.889998999999996,38.139998999999996,37.754337,13758300,Positive,0.0899999999999963,0.23653088663679878,-0.10999999999999943
485,2019-12-05,38.369999,38.369999,37.790001000000004,38.029999,37.645451,12427000,Negative ,-0.10999999999999943,-0.2884111244994991,0.26000200000000717
486,2019-12-06,38.279999,38.52,38.220001,38.290001000000004,37.902821,12209400,Positive,0.26000200000000717,0.6836760632047634,0.029998999999996556
487,2019-12-09,38.099998,38.380001,38.099998,38.32,37.932518,14840200,Negative ,0.029998999999996556,0.0783468248015895,0.1599999999999966
488,2019-12-10,38.27,38.580002,38.189999,38.48,38.0909,18189100,Negative ,0.1599999999999966,0.41753653444676075,-0.25999899999999343
489,2019-12-11,38.369999,38.57,38.200001,38.220001,37.833529999999996,14771700,Positive,-0.25999899999999343,-0.6756730769230557,0.3200000000000003
490,2019-12-12,38.169998,38.619999,38.169998,38.540001000000004,38.150295,12727200,Positive,0.3200000000000003,0.8372579582088369,-0.20999900000000338
491,2019-12-13,38.52,38.68,38.07,38.330002,37.942417,15824000,Positive,-0.20999900000000338,-0.544885818762697,0.8099969999999956
492,2019-12-16,38.700001,39.400002,38.66,39.139998999999996,38.744225,22948600,Positive,0.8099969999999956,2.1132193001189847,-0.23999699999999535
493,2019-12-17,39.439999,39.439999,38.84,38.900002,38.506653,27550300,Negative ,-0.23999699999999535,-0.6131757949201622,-0.010003000000004647
494,2019-12-18,39.009997999999996,39.080002,38.639998999999996,38.889998999999996,38.496753999999996,25938700,Negative ,-0.010003000000004647,-0.025714651634223262,0.08000200000000746
495,2019-12-19,39.0,39.150002,38.810001,38.970001,38.575947,20894000,Positive,0.08000200000000746,0.20571355633103305,0.25999899999999343
496,2019-12-20,39.349998,39.540001000000004,38.970001,39.23,38.833317,55218000,Negative ,0.25999899999999343,0.6671772987637103,0.09000000000000341
497,2019-12-23,39.419998,39.52,39.130001,39.32,38.922405,16560100,Negative ,0.09000000000000341,0.22941626306398621,-0.029998999999996556
498,2019-12-24,39.330002,39.439999,39.200001,39.290001000000004,38.892712,4921900,Negative ,-0.029998999999996556,-0.07629450661240655,0.0899999999999963
499,2019-12-26,39.299999,39.57,39.200001,39.380001,38.9818,8903300,Positive,0.0899999999999963,0.22906591425131406,-0.06000099999999975
500,2019-12-27,39.43,39.619999,39.25,39.32,38.922405,9599300,Negative ,-0.06000099999999975,-0.15236414036657875,-0.4100000000000037
501,2019-12-30,39.299999,39.419998,38.889998999999996,38.91,38.516552000000004,10962300,Negative ,-0.4100000000000037,-1.0427263479145576,0.2700000000000031
502,2019-12-31,38.790001000000004,39.200001,38.709998999999996,39.18,38.783821,14398200,Positive,0.2700000000000031,0.6939090208172738,
